,Indoor,Outdoor
indoor,-7.438569068908691,4.737637519836426
outdoor,0.3862075209617615,-7.965988636016846
indoor+outdoor,-11.583847999572754,-8.006621360778809
finetune_in2out,3.840463638305664,-3.417658805847168
finetune_out2in,-14.413856506347656,4.631209850311279
replay_in2out,-6.464284896850586,-2.523214817047119
replay_out2in,-8.243590354919434,-6.201050758361816
domainaware_in2out,-9.039474487304688,-4.5042266845703125
domainaware_out2in,-6.404637336730957,-8.173368453979492
